{
  "ABIRoot": {
    "kind": "Root",
    "name": "TopLevel",
    "printedName": "TopLevel",
    "children": [
      {
        "kind": "Import",
        "name": "Foundation",
        "printedName": "Foundation",
        "declKind": "Import",
        "moduleName": "pse2ee",
        "declAttributes": [
          "RawDocComment"
        ]
      },
      {
        "kind": "TypeDecl",
        "name": "pse2ee",
        "printedName": "pse2ee",
        "children": [
          {
            "kind": "TypeDecl",
            "name": "PSE2EEClientError",
            "printedName": "PSE2EEClientError",
            "children": [
              {
                "kind": "Var",
                "name": "UNIVERSAL_ERROR",
                "printedName": "UNIVERSAL_ERROR",
                "children": [
                  {
                    "kind": "TypeFunc",
                    "name": "Function",
                    "printedName": "(pse2ee.pse2ee.PSE2EEClientError.Type) -> (Swift.String) -> pse2ee.pse2ee.PSE2EEClientError",
                    "children": [
                      {
                        "kind": "TypeFunc",
                        "name": "Function",
                        "printedName": "(Swift.String) -> pse2ee.pse2ee.PSE2EEClientError",
                        "children": [
                          {
                            "kind": "TypeNominal",
                            "name": "PSE2EEClientError",
                            "printedName": "pse2ee.pse2ee.PSE2EEClientError",
                            "usr": "s:6pse2eeAAC17PSE2EEClientErrorO"
                          },
                          {
                            "kind": "TypeNominal",
                            "name": "Tuple",
                            "printedName": "(errorCode: Swift.String)",
                            "children": [
                              {
                                "kind": "TypeNominal",
                                "name": "String",
                                "printedName": "Swift.String",
                                "usr": "s:SS"
                              }
                            ]
                          }
                        ]
                      },
                      {
                        "kind": "TypeNominal",
                        "name": "Metatype",
                        "printedName": "pse2ee.pse2ee.PSE2EEClientError.Type",
                        "children": [
                          {
                            "kind": "TypeNominal",
                            "name": "PSE2EEClientError",
                            "printedName": "pse2ee.pse2ee.PSE2EEClientError",
                            "usr": "s:6pse2eeAAC17PSE2EEClientErrorO"
                          }
                        ]
                      }
                    ]
                  }
                ],
                "declKind": "EnumElement",
                "usr": "s:6pse2eeAAC17PSE2EEClientErrorO15UNIVERSAL_ERRORyADSS_tcADmF",
                "mangledName": "$s6pse2eeAAC17PSE2EEClientErrorO15UNIVERSAL_ERRORyADSS_tcADmF",
                "moduleName": "pse2ee"
              }
            ],
            "declKind": "Enum",
            "usr": "s:6pse2eeAAC17PSE2EEClientErrorO",
            "mangledName": "$s6pse2eeAAC17PSE2EEClientErrorO",
            "moduleName": "pse2ee",
            "declAttributes": [
              "AccessControl"
            ],
            "conformances": [
              {
                "kind": "Conformance",
                "name": "Error",
                "printedName": "Error",
                "usr": "s:s5ErrorP",
                "mangledName": "$ss5ErrorP"
              },
              {
                "kind": "Conformance",
                "name": "Sendable",
                "printedName": "Sendable",
                "usr": "s:s8SendableP",
                "mangledName": "$ss8SendableP"
              }
            ]
          },
          {
            "kind": "Constructor",
            "name": "init",
            "printedName": "init()",
            "children": [
              {
                "kind": "TypeNominal",
                "name": "pse2ee",
                "printedName": "pse2ee.pse2ee",
                "usr": "s:6pse2eeAAC"
              }
            ],
            "declKind": "Constructor",
            "usr": "s:6pse2eeAACABycfc",
            "mangledName": "$s6pse2eeAACABycfc",
            "moduleName": "pse2ee",
            "declAttributes": [
              "AccessControl"
            ],
            "init_kind": "Designated"
          },
          {
            "kind": "Function",
            "name": "publicKeyEnc",
            "printedName": "publicKeyEnc(exponent:modulus:e2eeData:)",
            "children": [
              {
                "kind": "TypeNominal",
                "name": "String",
                "printedName": "Swift.String",
                "usr": "s:SS"
              },
              {
                "kind": "TypeNominal",
                "name": "String",
                "printedName": "Swift.String",
                "usr": "s:SS"
              },
              {
                "kind": "TypeNominal",
                "name": "String",
                "printedName": "Swift.String",
                "usr": "s:SS"
              },
              {
                "kind": "TypeNominal",
                "name": "String",
                "printedName": "Swift.String",
                "usr": "s:SS"
              }
            ],
            "declKind": "Func",
            "usr": "s:6pse2eeAAC12publicKeyEnc8exponent7modulus8e2eeDataS2S_S2StKF",
            "mangledName": "$s6pse2eeAAC12publicKeyEnc8exponent7modulus8e2eeDataS2S_S2StKF",
            "moduleName": "pse2ee",
            "declAttributes": [
              "AccessControl"
            ],
            "throwing": true,
            "funcSelfKind": "NonMutating"
          }
        ],
        "declKind": "Class",
        "usr": "s:6pse2eeAAC",
        "mangledName": "$s6pse2eeAAC",
        "moduleName": "pse2ee",
        "declAttributes": [
          "AccessControl"
        ]
      },
      {
        "kind": "TypeDecl",
        "name": "Data",
        "printedName": "Data",
        "children": [
          {
            "kind": "Function",
            "name": "hexEncodedStringForPS",
            "printedName": "hexEncodedStringForPS()",
            "children": [
              {
                "kind": "TypeNominal",
                "name": "String",
                "printedName": "Swift.String",
                "usr": "s:SS"
              }
            ],
            "declKind": "Func",
            "usr": "s:10Foundation4DataV6pse2eeE21hexEncodedStringForPSSSyF",
            "mangledName": "$s10Foundation4DataV6pse2eeE21hexEncodedStringForPSSSyF",
            "moduleName": "pse2ee",
            "declAttributes": [
              "AccessControl"
            ],
            "isFromExtension": true,
            "funcSelfKind": "NonMutating"
          }
        ],
        "declKind": "Struct",
        "usr": "s:10Foundation4DataV",
        "mangledName": "$s10Foundation4DataV",
        "moduleName": "Foundation",
        "declAttributes": [
          "Frozen"
        ],
        "isExternal": true,
        "conformances": [
          {
            "kind": "Conformance",
            "name": "ReferenceConvertible",
            "printedName": "ReferenceConvertible",
            "children": [
              {
                "kind": "TypeWitness",
                "name": "ReferenceType",
                "printedName": "ReferenceType",
                "children": [
                  {
                    "kind": "TypeNominal",
                    "name": "NSData",
                    "printedName": "Foundation.NSData",
                    "usr": "c:objc(cs)NSData"
                  }
                ]
              }
            ],
            "usr": "s:10Foundation20ReferenceConvertibleP",
            "mangledName": "$s10Foundation20ReferenceConvertibleP"
          },
          {
            "kind": "Conformance",
            "name": "Equatable",
            "printedName": "Equatable",
            "usr": "s:SQ",
            "mangledName": "$sSQ"
          },
          {
            "kind": "Conformance",
            "name": "Hashable",
            "printedName": "Hashable",
            "usr": "s:SH",
            "mangledName": "$sSH"
          },
          {
            "kind": "Conformance",
            "name": "RandomAccessCollection",
            "printedName": "RandomAccessCollection",
            "children": [
              {
                "kind": "TypeWitness",
                "name": "Element",
                "printedName": "Element",
                "children": [
                  {
                    "kind": "TypeNominal",
                    "name": "UInt8",
                    "printedName": "Swift.UInt8",
                    "usr": "s:s5UInt8V"
                  }
                ]
              },
              {
                "kind": "TypeWitness",
                "name": "Index",
                "printedName": "Index",
                "children": [
                  {
                    "kind": "TypeNominal",
                    "name": "Int",
                    "printedName": "Swift.Int",
                    "usr": "s:Si"
                  }
                ]
              },
              {
                "kind": "TypeWitness",
                "name": "SubSequence",
                "printedName": "SubSequence",
                "children": [
                  {
                    "kind": "TypeNominal",
                    "name": "Data",
                    "printedName": "Foundation.Data",
                    "usr": "s:10Foundation4DataV"
                  }
                ]
              },
              {
                "kind": "TypeWitness",
                "name": "Indices",
                "printedName": "Indices",
                "children": [
                  {
                    "kind": "TypeNominal",
                    "name": "Range",
                    "printedName": "Swift.Range<Swift.Int>",
                    "children": [
                      {
                        "kind": "TypeNominal",
                        "name": "Int",
                        "printedName": "Swift.Int",
                        "usr": "s:Si"
                      }
                    ],
                    "usr": "s:Sn"
                  }
                ]
              }
            ],
            "usr": "s:Sk",
            "mangledName": "$sSk"
          },
          {
            "kind": "Conformance",
            "name": "MutableCollection",
            "printedName": "MutableCollection",
            "children": [
              {
                "kind": "TypeWitness",
                "name": "Element",
                "printedName": "Element",
                "children": [
                  {
                    "kind": "TypeNominal",
                    "name": "UInt8",
                    "printedName": "Swift.UInt8",
                    "usr": "s:s5UInt8V"
                  }
                ]
              },
              {
                "kind": "TypeWitness",
                "name": "Index",
                "printedName": "Index",
                "children": [
                  {
                    "kind": "TypeNominal",
                    "name": "Int",
                    "printedName": "Swift.Int",
                    "usr": "s:Si"
                  }
                ]
              },
              {
                "kind": "TypeWitness",
                "name": "SubSequence",
                "printedName": "SubSequence",
                "children": [
                  {
                    "kind": "TypeNominal",
                    "name": "Data",
                    "printedName": "Foundation.Data",
                    "usr": "s:10Foundation4DataV"
                  }
                ]
              }
            ],
            "usr": "s:SM",
            "mangledName": "$sSM"
          },
          {
            "kind": "Conformance",
            "name": "RangeReplaceableCollection",
            "printedName": "RangeReplaceableCollection",
            "children": [
              {
                "kind": "TypeWitness",
                "name": "SubSequence",
                "printedName": "SubSequence",
                "children": [
                  {
                    "kind": "TypeNominal",
                    "name": "Data",
                    "printedName": "Foundation.Data",
                    "usr": "s:10Foundation4DataV"
                  }
                ]
              }
            ],
            "usr": "s:Sm",
            "mangledName": "$sSm"
          },
          {
            "kind": "Conformance",
            "name": "MutableDataProtocol",
            "printedName": "MutableDataProtocol",
            "usr": "s:10Foundation19MutableDataProtocolP",
            "mangledName": "$s10Foundation19MutableDataProtocolP"
          },
          {
            "kind": "Conformance",
            "name": "ContiguousBytes",
            "printedName": "ContiguousBytes",
            "usr": "s:10Foundation15ContiguousBytesP",
            "mangledName": "$s10Foundation15ContiguousBytesP"
          },
          {
            "kind": "Conformance",
            "name": "Sendable",
            "printedName": "Sendable",
            "usr": "s:s8SendableP",
            "mangledName": "$ss8SendableP"
          },
          {
            "kind": "Conformance",
            "name": "BidirectionalCollection",
            "printedName": "BidirectionalCollection",
            "children": [
              {
                "kind": "TypeWitness",
                "name": "Element",
                "printedName": "Element",
                "children": [
                  {
                    "kind": "TypeNominal",
                    "name": "UInt8",
                    "printedName": "Swift.UInt8",
                    "usr": "s:s5UInt8V"
                  }
                ]
              },
              {
                "kind": "TypeWitness",
                "name": "Index",
                "printedName": "Index",
                "children": [
                  {
                    "kind": "TypeNominal",
                    "name": "Int",
                    "printedName": "Swift.Int",
                    "usr": "s:Si"
                  }
                ]
              },
              {
                "kind": "TypeWitness",
                "name": "SubSequence",
                "printedName": "SubSequence",
                "children": [
                  {
                    "kind": "TypeNominal",
                    "name": "Data",
                    "printedName": "Foundation.Data",
                    "usr": "s:10Foundation4DataV"
                  }
                ]
              },
              {
                "kind": "TypeWitness",
                "name": "Indices",
                "printedName": "Indices",
                "children": [
                  {
                    "kind": "TypeNominal",
                    "name": "Range",
                    "printedName": "Swift.Range<Swift.Int>",
                    "children": [
                      {
                        "kind": "TypeNominal",
                        "name": "Int",
                        "printedName": "Swift.Int",
                        "usr": "s:Si"
                      }
                    ],
                    "usr": "s:Sn"
                  }
                ]
              }
            ],
            "usr": "s:SK",
            "mangledName": "$sSK"
          },
          {
            "kind": "Conformance",
            "name": "Collection",
            "printedName": "Collection",
            "children": [
              {
                "kind": "TypeWitness",
                "name": "Element",
                "printedName": "Element",
                "children": [
                  {
                    "kind": "TypeNominal",
                    "name": "UInt8",
                    "printedName": "Swift.UInt8",
                    "usr": "s:s5UInt8V"
                  }
                ]
              },
              {
                "kind": "TypeWitness",
                "name": "Index",
                "printedName": "Index",
                "children": [
                  {
                    "kind": "TypeNominal",
                    "name": "Int",
                    "printedName": "Swift.Int",
                    "usr": "s:Si"
                  }
                ]
              },
              {
                "kind": "TypeWitness",
                "name": "Iterator",
                "printedName": "Iterator",
                "children": [
                  {
                    "kind": "TypeNominal",
                    "name": "Iterator",
                    "printedName": "Foundation.Data.Iterator",
                    "usr": "s:10Foundation4DataV8IteratorV"
                  }
                ]
              },
              {
                "kind": "TypeWitness",
                "name": "SubSequence",
                "printedName": "SubSequence",
                "children": [
                  {
                    "kind": "TypeNominal",
                    "name": "Data",
                    "printedName": "Foundation.Data",
                    "usr": "s:10Foundation4DataV"
                  }
                ]
              },
              {
                "kind": "TypeWitness",
                "name": "Indices",
                "printedName": "Indices",
                "children": [
                  {
                    "kind": "TypeNominal",
                    "name": "Range",
                    "printedName": "Swift.Range<Swift.Int>",
                    "children": [
                      {
                        "kind": "TypeNominal",
                        "name": "Int",
                        "printedName": "Swift.Int",
                        "usr": "s:Si"
                      }
                    ],
                    "usr": "s:Sn"
                  }
                ]
              }
            ],
            "usr": "s:Sl",
            "mangledName": "$sSl"
          },
          {
            "kind": "Conformance",
            "name": "DataProtocol",
            "printedName": "DataProtocol",
            "children": [
              {
                "kind": "TypeWitness",
                "name": "Regions",
                "printedName": "Regions",
                "children": [
                  {
                    "kind": "TypeNominal",
                    "name": "CollectionOfOne",
                    "printedName": "Swift.CollectionOfOne<Foundation.Data>",
                    "children": [
                      {
                        "kind": "TypeNominal",
                        "name": "Data",
                        "printedName": "Foundation.Data",
                        "usr": "s:10Foundation4DataV"
                      }
                    ],
                    "usr": "s:s15CollectionOfOneV"
                  }
                ]
              }
            ],
            "usr": "s:10Foundation12DataProtocolP",
            "mangledName": "$s10Foundation12DataProtocolP"
          },
          {
            "kind": "Conformance",
            "name": "Sequence",
            "printedName": "Sequence",
            "children": [
              {
                "kind": "TypeWitness",
                "name": "Element",
                "printedName": "Element",
                "children": [
                  {
                    "kind": "TypeNominal",
                    "name": "UInt8",
                    "printedName": "Swift.UInt8",
                    "usr": "s:s5UInt8V"
                  }
                ]
              },
              {
                "kind": "TypeWitness",
                "name": "Iterator",
                "printedName": "Iterator",
                "children": [
                  {
                    "kind": "TypeNominal",
                    "name": "Iterator",
                    "printedName": "Foundation.Data.Iterator",
                    "usr": "s:10Foundation4DataV8IteratorV"
                  }
                ]
              }
            ],
            "usr": "s:ST",
            "mangledName": "$sST"
          },
          {
            "kind": "Conformance",
            "name": "CustomStringConvertible",
            "printedName": "CustomStringConvertible",
            "usr": "s:s23CustomStringConvertibleP",
            "mangledName": "$ss23CustomStringConvertibleP"
          },
          {
            "kind": "Conformance",
            "name": "CustomDebugStringConvertible",
            "printedName": "CustomDebugStringConvertible",
            "usr": "s:s28CustomDebugStringConvertibleP",
            "mangledName": "$ss28CustomDebugStringConvertibleP"
          },
          {
            "kind": "Conformance",
            "name": "CustomReflectable",
            "printedName": "CustomReflectable",
            "usr": "s:s17CustomReflectableP",
            "mangledName": "$ss17CustomReflectableP"
          },
          {
            "kind": "Conformance",
            "name": "_ObjectiveCBridgeable",
            "printedName": "_ObjectiveCBridgeable",
            "children": [
              {
                "kind": "TypeWitness",
                "name": "_ObjectiveCType",
                "printedName": "_ObjectiveCType",
                "children": [
                  {
                    "kind": "TypeNominal",
                    "name": "NSData",
                    "printedName": "Foundation.NSData",
                    "usr": "c:objc(cs)NSData"
                  }
                ]
              }
            ],
            "usr": "s:s21_ObjectiveCBridgeableP",
            "mangledName": "$ss21_ObjectiveCBridgeableP"
          },
          {
            "kind": "Conformance",
            "name": "Decodable",
            "printedName": "Decodable",
            "usr": "s:Se",
            "mangledName": "$sSe"
          },
          {
            "kind": "Conformance",
            "name": "Encodable",
            "printedName": "Encodable",
            "usr": "s:SE",
            "mangledName": "$sSE"
          }
        ]
      }
    ],
    "json_format_version": 8
  },
  "ConstValues": [
    {
      "filePath": "\/Users\/sah\/Library\/CloudStorage\/Dropbox\/paysecure\/HMS\/Module\/pse2ee\/nextb\/source\/client\/iOS_Swift\/pse2ee\/pse2ee\/pse2ee.swift",
      "kind": "Array",
      "offset": 460,
      "length": 2,
      "value": "[]"
    },
    {
      "filePath": "\/Users\/sah\/Library\/CloudStorage\/Dropbox\/paysecure\/HMS\/Module\/pse2ee\/nextb\/source\/client\/iOS_Swift\/pse2ee\/pse2ee\/pse2ee.swift",
      "kind": "StringLiteral",
      "offset": 507,
      "length": 68,
      "value": "\"30820120300D06092A864886F70D01010105000382010D00308201080282010100\""
    },
    {
      "filePath": "\/Users\/sah\/Library\/CloudStorage\/Dropbox\/paysecure\/HMS\/Module\/pse2ee\/nextb\/source\/client\/iOS_Swift\/pse2ee\/pse2ee\/pse2ee.swift",
      "kind": "StringLiteral",
      "offset": 717,
      "length": 6,
      "value": "\"0201\""
    },
    {
      "filePath": "\/Users\/sah\/Library\/CloudStorage\/Dropbox\/paysecure\/HMS\/Module\/pse2ee\/nextb\/source\/client\/iOS_Swift\/pse2ee\/pse2ee\/pse2ee.swift",
      "kind": "Array",
      "offset": 992,
      "length": 2,
      "value": "[]"
    },
    {
      "filePath": "\/Users\/sah\/Library\/CloudStorage\/Dropbox\/paysecure\/HMS\/Module\/pse2ee\/nextb\/source\/client\/iOS_Swift\/pse2ee\/pse2ee\/pse2ee.swift",
      "kind": "StringLiteral",
      "offset": 1043,
      "length": 66,
      "value": "\"30820122300D06092A864886F70D01010105000382010F003082010A02820101\""
    },
    {
      "filePath": "\/Users\/sah\/Library\/CloudStorage\/Dropbox\/paysecure\/HMS\/Module\/pse2ee\/nextb\/source\/client\/iOS_Swift\/pse2ee\/pse2ee\/pse2ee.swift",
      "kind": "StringLiteral",
      "offset": 1198,
      "length": 4,
      "value": "\"00\""
    },
    {
      "filePath": "\/Users\/sah\/Library\/CloudStorage\/Dropbox\/paysecure\/HMS\/Module\/pse2ee\/nextb\/source\/client\/iOS_Swift\/pse2ee\/pse2ee\/pse2ee.swift",
      "kind": "StringLiteral",
      "offset": 1317,
      "length": 4,
      "value": "\"02\""
    },
    {
      "filePath": "\/Users\/sah\/Library\/CloudStorage\/Dropbox\/paysecure\/HMS\/Module\/pse2ee\/nextb\/source\/client\/iOS_Swift\/pse2ee\/pse2ee\/pse2ee.swift",
      "kind": "IntegerLiteral",
      "offset": 1370,
      "length": 1,
      "value": "4"
    },
    {
      "filePath": "\/Users\/sah\/Library\/CloudStorage\/Dropbox\/paysecure\/HMS\/Module\/pse2ee\/nextb\/source\/client\/iOS_Swift\/pse2ee\/pse2ee\/pse2ee.swift",
      "kind": "StringLiteral",
      "offset": 1444,
      "length": 6,
      "value": "\"0300\""
    },
    {
      "filePath": "\/Users\/sah\/Library\/CloudStorage\/Dropbox\/paysecure\/HMS\/Module\/pse2ee\/nextb\/source\/client\/iOS_Swift\/pse2ee\/pse2ee\/pse2ee.swift",
      "kind": "IntegerLiteral",
      "offset": 1591,
      "length": 1,
      "value": "6"
    },
    {
      "filePath": "\/Users\/sah\/Library\/CloudStorage\/Dropbox\/paysecure\/HMS\/Module\/pse2ee\/nextb\/source\/client\/iOS_Swift\/pse2ee\/pse2ee\/pse2ee.swift",
      "kind": "StringLiteral",
      "offset": 1665,
      "length": 4,
      "value": "\"03\""
    },
    {
      "filePath": "\/Users\/sah\/Library\/CloudStorage\/Dropbox\/paysecure\/HMS\/Module\/pse2ee\/nextb\/source\/client\/iOS_Swift\/pse2ee\/pse2ee\/pse2ee.swift",
      "kind": "Array",
      "offset": 1936,
      "length": 2,
      "value": "[]"
    },
    {
      "filePath": "\/Users\/sah\/Library\/CloudStorage\/Dropbox\/paysecure\/HMS\/Module\/pse2ee\/nextb\/source\/client\/iOS_Swift\/pse2ee\/pse2ee\/pse2ee.swift",
      "kind": "IntegerLiteral",
      "offset": 1969,
      "length": 1,
      "value": "2"
    },
    {
      "filePath": "\/Users\/sah\/Library\/CloudStorage\/Dropbox\/paysecure\/HMS\/Module\/pse2ee\/nextb\/source\/client\/iOS_Swift\/pse2ee\/pse2ee\/pse2ee.swift",
      "kind": "IntegerLiteral",
      "offset": 2112,
      "length": 1,
      "value": "4"
    },
    {
      "filePath": "\/Users\/sah\/Library\/CloudStorage\/Dropbox\/paysecure\/HMS\/Module\/pse2ee\/nextb\/source\/client\/iOS_Swift\/pse2ee\/pse2ee\/pse2ee.swift",
      "kind": "IntegerLiteral",
      "offset": 2135,
      "length": 1,
      "value": "6"
    },
    {
      "filePath": "\/Users\/sah\/Library\/CloudStorage\/Dropbox\/paysecure\/HMS\/Module\/pse2ee\/nextb\/source\/client\/iOS_Swift\/pse2ee\/pse2ee\/pse2ee.swift",
      "kind": "StringLiteral",
      "offset": 2828,
      "length": 6,
      "value": "\"2001\""
    },
    {
      "filePath": "\/Users\/sah\/Library\/CloudStorage\/Dropbox\/paysecure\/HMS\/Module\/pse2ee\/nextb\/source\/client\/iOS_Swift\/pse2ee\/pse2ee\/pse2ee.swift",
      "kind": "StringLiteral",
      "offset": 3011,
      "length": 6,
      "value": "\"2002\""
    },
    {
      "filePath": "\/Users\/sah\/Library\/CloudStorage\/Dropbox\/paysecure\/HMS\/Module\/pse2ee\/nextb\/source\/client\/iOS_Swift\/pse2ee\/pse2ee\/pse2ee.swift",
      "kind": "IntegerLiteral",
      "offset": 3292,
      "length": 1,
      "value": "0"
    },
    {
      "filePath": "\/Users\/sah\/Library\/CloudStorage\/Dropbox\/paysecure\/HMS\/Module\/pse2ee\/nextb\/source\/client\/iOS_Swift\/pse2ee\/pse2ee\/pse2ee.swift",
      "kind": "IntegerLiteral",
      "offset": 3711,
      "length": 3,
      "value": "128"
    },
    {
      "filePath": "\/Users\/sah\/Library\/CloudStorage\/Dropbox\/paysecure\/HMS\/Module\/pse2ee\/nextb\/source\/client\/iOS_Swift\/pse2ee\/pse2ee\/pse2ee.swift",
      "kind": "IntegerLiteral",
      "offset": 3877,
      "length": 1,
      "value": "8"
    },
    {
      "filePath": "\/Users\/sah\/Library\/CloudStorage\/Dropbox\/paysecure\/HMS\/Module\/pse2ee\/nextb\/source\/client\/iOS_Swift\/pse2ee\/pse2ee\/pse2ee.swift",
      "kind": "IntegerLiteral",
      "offset": 3882,
      "length": 1,
      "value": "1"
    },
    {
      "filePath": "\/Users\/sah\/Library\/CloudStorage\/Dropbox\/paysecure\/HMS\/Module\/pse2ee\/nextb\/source\/client\/iOS_Swift\/pse2ee\/pse2ee\/pse2ee.swift",
      "kind": "IntegerLiteral",
      "offset": 4013,
      "length": 3,
      "value": "128"
    },
    {
      "filePath": "\/Users\/sah\/Library\/CloudStorage\/Dropbox\/paysecure\/HMS\/Module\/pse2ee\/nextb\/source\/client\/iOS_Swift\/pse2ee\/pse2ee\/pse2ee.swift",
      "kind": "Array",
      "offset": 4073,
      "length": 2,
      "value": "[]"
    },
    {
      "filePath": "\/Users\/sah\/Library\/CloudStorage\/Dropbox\/paysecure\/HMS\/Module\/pse2ee\/nextb\/source\/client\/iOS_Swift\/pse2ee\/pse2ee\/pse2ee.swift",
      "kind": "IntegerLiteral",
      "offset": 4093,
      "length": 1,
      "value": "0"
    },
    {
      "filePath": "\/Users\/sah\/Library\/CloudStorage\/Dropbox\/paysecure\/HMS\/Module\/pse2ee\/nextb\/source\/client\/iOS_Swift\/pse2ee\/pse2ee\/pse2ee.swift",
      "kind": "IntegerLiteral",
      "offset": 4205,
      "length": 4,
      "value": "0xff"
    },
    {
      "filePath": "\/Users\/sah\/Library\/CloudStorage\/Dropbox\/paysecure\/HMS\/Module\/pse2ee\/nextb\/source\/client\/iOS_Swift\/pse2ee\/pse2ee\/pse2ee.swift",
      "kind": "IntegerLiteral",
      "offset": 4303,
      "length": 1,
      "value": "0"
    },
    {
      "filePath": "\/Users\/sah\/Library\/CloudStorage\/Dropbox\/paysecure\/HMS\/Module\/pse2ee\/nextb\/source\/client\/iOS_Swift\/pse2ee\/pse2ee\/pse2ee.swift",
      "kind": "IntegerLiteral",
      "offset": 4383,
      "length": 1,
      "value": "8"
    },
    {
      "filePath": "\/Users\/sah\/Library\/CloudStorage\/Dropbox\/paysecure\/HMS\/Module\/pse2ee\/nextb\/source\/client\/iOS_Swift\/pse2ee\/pse2ee\/pse2ee.swift",
      "kind": "IntegerLiteral",
      "offset": 4484,
      "length": 1,
      "value": "0"
    },
    {
      "filePath": "\/Users\/sah\/Library\/CloudStorage\/Dropbox\/paysecure\/HMS\/Module\/pse2ee\/nextb\/source\/client\/iOS_Swift\/pse2ee\/pse2ee\/pse2ee.swift",
      "kind": "StringLiteral",
      "offset": 4578,
      "length": 18,
      "value": "\"0123456789abcdef\""
    },
    {
      "filePath": "\/Users\/sah\/Library\/CloudStorage\/Dropbox\/paysecure\/HMS\/Module\/pse2ee\/nextb\/source\/client\/iOS_Swift\/pse2ee\/pse2ee\/pse2ee.swift",
      "kind": "StringLiteral",
      "offset": 4716,
      "length": 2,
      "value": "\"\""
    },
    {
      "filePath": "\/Users\/sah\/Library\/CloudStorage\/Dropbox\/paysecure\/HMS\/Module\/pse2ee\/nextb\/source\/client\/iOS_Swift\/pse2ee\/pse2ee\/pse2ee.swift",
      "kind": "IntegerLiteral",
      "offset": 4809,
      "length": 2,
      "value": "16"
    },
    {
      "filePath": "\/Users\/sah\/Library\/CloudStorage\/Dropbox\/paysecure\/HMS\/Module\/pse2ee\/nextb\/source\/client\/iOS_Swift\/pse2ee\/pse2ee\/pse2ee.swift",
      "kind": "IntegerLiteral",
      "offset": 4868,
      "length": 2,
      "value": "16"
    },
    {
      "filePath": "\/Users\/sah\/Library\/CloudStorage\/Dropbox\/paysecure\/HMS\/Module\/pse2ee\/nextb\/source\/client\/iOS_Swift\/pse2ee\/pse2ee\/pse2ee.swift",
      "kind": "IntegerLiteral",
      "offset": 5015,
      "length": 1,
      "value": "0"
    },
    {
      "filePath": "\/Users\/sah\/Library\/CloudStorage\/Dropbox\/paysecure\/HMS\/Module\/pse2ee\/nextb\/source\/client\/iOS_Swift\/pse2ee\/pse2ee\/pse2ee.swift",
      "kind": "IntegerLiteral",
      "offset": 5033,
      "length": 1,
      "value": "2"
    },
    {
      "filePath": "\/Users\/sah\/Library\/CloudStorage\/Dropbox\/paysecure\/HMS\/Module\/pse2ee\/nextb\/source\/client\/iOS_Swift\/pse2ee\/pse2ee\/pse2ee.swift",
      "kind": "IntegerLiteral",
      "offset": 5109,
      "length": 1,
      "value": "2"
    },
    {
      "filePath": "\/Users\/sah\/Library\/CloudStorage\/Dropbox\/paysecure\/HMS\/Module\/pse2ee\/nextb\/source\/client\/iOS_Swift\/pse2ee\/pse2ee\/pse2ee.swift",
      "kind": "IntegerLiteral",
      "offset": 5260,
      "length": 2,
      "value": "16"
    },
    {
      "filePath": "\/Users\/sah\/Library\/CloudStorage\/Dropbox\/paysecure\/HMS\/Module\/pse2ee\/nextb\/source\/client\/iOS_Swift\/pse2ee\/pse2ee\/pse2ee.swift",
      "kind": "StringLiteral",
      "offset": 5405,
      "length": 6,
      "value": "\"%02x\""
    }
  ]
}